ID,X1,X2,X3,X4,
2,aaliyah,NA,NA,NA,
2,aariv,NA,NA,NA,
1,aaron,erin,ronnie,ron,
1,abbie,abby,abigail,abbey,abbigail
1,abe,abraham,abram,NA,
1,abednego,bedney,NA,NA,
1,abel,ebbie,ab,abe,
2,abhi,NA,NA,NA,
2,abhinav,NA,NA,NA,
2,abi,NA,NA,NA,
1,abiel,ab,NA,NA,
2,abigael,NA,NA,NA,
1,abigail,nabby,abby,gail,
2,abigayle,NA,NA,NA,
1,abijah,ab,bige,NA,
1,abner,ab,NA,NA,
1,abraham,ab,abe,NA,
1,abram,ab,NA,NA,
1,absalom,app,ab,abbie,
2,ace,NA,NA,NA,
2,acelyn,NA,NA,NA,
2,acelynn,NA,NA,NA,
1,ada,addy,NA,NA,
1,adaline,delia,lena,dell,
1,adam,edie,ade,NA,
2,addison,addie,NA,NA,
1,addy,adele,NA,NA,
1,adela,della,NA,NA,
1,adelaide,heidi,adele,dell,
1,adelbert,del,albert,delbert,
1,adele,dell,NA,NA,
1,adeline,delia,lena,dell,
2,adell,NA,NA,NA,
1,adelphia,philly,delphia,adele,
2,adelya,NA,NA,NA,
2,adelyn,NA,NA,NA,
2,adilee,NA,NA,NA,
2,aditi,NA,NA,NA,
2,aditya,NA,NA,NA,
2,adler,NA,NA,NA,
1,adolphus,dolph,ado,adolph,
2,adria,NA,NA,NA,
1,adrian,rian,NA,NA,
2,adriana,NA,NA,NA,
2,adrianna,NA,NA,NA,
1,adrienne,adrian,NA,NA,
2,adrina,NA,NA,NA,
2,adyson,NA,NA,NA,
2,aedan,NA,NA,NA,
2,aeden,NA,NA,NA,
1,agatha,aggy,NA,NA,
1,agnes,inez,aggy,nessa,
2,aid,NA,NA,NA,
2,aidan,NA,NA,NA,
2,aiden,NA,NA,NA,
2,aiken,NA,NA,NA,
2,aila,NA,NA,NA,
1,aileen,lena,allie,NA,
2,ailise,NA,NA,NA,
2,aimee,NA,NA,NA,
2,ainsley,NA,NA,NA,
2,airianna,NA,NA,NA,
2,ajani,NA,NA,NA,
1,al,albert,bert,alex,
2,alaina,NA,NA,NA,
1,alan,al,NA,NA,
2,alana,NA,NA,NA,
2,alannah,NA,NA,NA,
1,alanson,al,lanson,NA,
2,alasdair,NA,NA,NA,
1,alastair,al,NA,NA,
2,alaura,NA,NA,NA,
2,alayna,NA,NA,NA,
1,alazama,ali,NA,NA,
1,albert,bert,al,NA,
1,alberta,bert,allie,bertie,
1,aldo,al,NA,NA,
1,aldrich,riche,rich,NA,
2,aleah,NA,NA,NA,
2,alec,NA,NA,NA,
2,aleena,NA,NA,NA,
2,aleeya,NA,NA,NA,
2,aleida,NA,NA,NA,
2,alejan,NA,NA,NA,
2,alek,NA,NA,NA,
2,aleksander,NA,NA,NA,
2,aleksei,NA,NA,NA,
2,alessio,NA,NA,NA,
1,aleva,levy,leve,NA,
1,alex,alexandra,alexander,NA,
2,alexa,NA,NA,NA,
2,alexand,NA,NA,NA,
1,alexander,alex,al,sandy,
1,alexandra,alex,sandy,alla,
1,alexandria,drina,alexander,alla,
2,alexey,NA,NA,NA,
2,alexi,NA,NA,NA,
2,alexia,NA,NA,NA,
1,alexis,lexi,NA,NA,
1,alfonse,al,NA,NA,
1,alfred,freddy,al,fred,
1,alfreda,freddy,alfy,freda,
1,algernon,algy,NA,NA,
2,alia,NA,NA,NA,
1,alice,lisa,elsie,allie,
1,alicia,lisa,elsie,allie,
2,alina,NA,NA,NA,
1,aline,adeline,NA,NA,
2,alisa,NA,NA,NA,
2,alisha,NA,NA,NA,
1,alison,ali,NA,NA,
2,alivia,NA,NA,NA,
2,aliya,NA,NA,NA,
1,allan,al,NA,NA,
2,allana,NA,NA,NA,
2,alle,NA,NA,NA,
1,allen,al,NA,NA,
2,alli,NA,NA,NA,
2,alliana,NA,NA,NA,
1,allisandra,allie,NA,NA,
2,allison,NA,NA,NA,
2,allyson,NA,NA,NA,
1,almena,mena,allie,NA,
1,almina,minnie,NA,NA,
1,almira,myra,NA,NA,
1,alonzo,lon,al,lonzo,
2,aloysia,NA,NA,NA,
1,alphinias,alphus,NA,NA,
1,alverta,virdie,vert,NA,
2,aly,NA,NA,NA,
1,alyssa,lissia,al,ally,
1,alzada,zada,NA,NA,
2,amalia,NA,NA,NA,
1,amanda,mandy,manda,NA,
2,amaya,NA,NA,NA,
2,amber,NA,NA,NA,
1,ambrose,brose,NA,NA,
1,amelia,amy,mel,millie,
2,amir,NA,NA,NA,
2,amira,NA,NA,NA,
2,amiyah,NA,NA,NA,
2,amon,NA,NA,NA,
1,amos,moses,NA,NA,
2,anah,NA,NA,NA,
2,ananya,NA,NA,NA,
1,anastasia,ana,stacy,NA,
2,anders,NA,NA,NA,
1,anderson,andy,NA,NA,
2,andie,NA,NA,NA,
2,andre,NA,NA,NA,
2,andre',NA,NA,NA,
2,andre' d,NA,NA,NA,
1,andrea,drea,rea,andrew,
1,andrew,andy,drew,NA,
1,andy,andrew,drew,NA,
2,anezka,NA,NA,NA,
1,angela,angelica,angelina,angel,
1,angelina,lina,NA,NA,
2,angie,NA,NA,NA,
2,angus,NA,NA,NA,
2,anh thu,NA,NA,NA,
2,anirudh,NA,NA,NA,
2,anjali,NA,NA,NA,
2,ankita,NA,NA,NA,
1,ann,nana,nan,nancy,
1,anna,anne,ann,annie,
2,annabel,NA,NA,NA,
2,annabelle,NA,NA,NA,
2,annaleise,NA,NA,NA,
2,annali,NA,NA,NA,
2,annaliese,NA,NA,NA,
2,annalisa,NA,NA,NA,
2,annalise,NA,NA,NA,
2,annascot,NA,NA,NA,
2,annascott,NA,NA,NA,
1,anne,annie,nana,ann,
2,annemarie,NA,NA,NA,
1,annette,anna,nettie,NA,
1,annie,ann,anna,NA,
2,annika,NA,NA,NA,
2,anoushka,NA,NA,NA,
1,anselm,ansel,selma,anse,
2,anshul,NA,NA,NA,
2,anthonie,NA,NA,NA,
1,anthony,tony,NA,NA,
2,antoine,NA,NA,NA,
1,antoinette,tony,netta,ann,
2,antoneo,NA,NA,NA,
1,antonia,tony,netta,ann,
2,antonio,NA,NA,NA,
2,anu,NA,NA,NA,
2,anurag,NA,NA,NA,
2,anushka,NA,NA,NA,
2,anwyn,NA,NA,NA,
2,anya,NA,NA,NA,
1,appoline,appy,appie,NA,
2,april,NA,NA,NA,
1,aquilla,quil,quillie,NA,
1,ara,belle,arry,NA,
1,arabella,ara,bella,arry,
1,arabelle,ara,bella,arry,
1,araminta,armida,middie,ruminta,
2,archer,NA,NA,NA,
1,archibald,archie,NA,NA,
1,archilles,kill,killis,NA,
2,ari,NA,NA,NA,
2,aria,NA,NA,NA,
1,ariadne,arie,NA,NA,
2,ariana,NA,NA,NA,
2,arianna,NA,NA,NA,
2,ariel,NA,NA,NA,
2,ariella,NA,NA,NA,
1,arielle,arie,NA,NA,
1,aristotle,telly,NA,NA,
1,arizona,onie,ona,NA,
1,arlene,arly,lena,NA,
2,armaan,NA,NA,NA,
1,armanda,mandy,NA,NA,
1,armena,mena,arry,NA,
1,armilda,milly,NA,NA,
1,arminda,mindie,NA,NA,
1,arminta,minite,minnie,NA,
1,arnold,arnie,NA,NA,
1,art,arthur,NA,NA,
1,artelepsa,epsey,NA,NA,
1,artemus,art,NA,NA,
1,arthur,art,NA,NA,
1,arthusa,thursa,NA,NA,
2,artyom,NA,NA,NA,
2,aruna,NA,NA,NA,
2,aryan,NA,NA,NA,
2,aryann,NA,NA,NA,
1,arzada,zaddi,NA,NA,
1,asahel,asa,NA,NA,
1,asaph,asa,NA,NA,
2,asella,NA,NA,NA,
1,asenath,sene,assene,natty,
2,ashanti,NA,NA,NA,
2,ashleigh,NA,NA,NA,
2,ashley,NA,NA,NA,
2,ashlynn,NA,NA,NA,
2,athena,NA,NA,NA,
2,atticus,NA,NA,NA,
1,aubrey,bree,NA,NA,
2,aubrianna,NA,NA,NA,
2,aubrie,NA,NA,NA,
2,audie,NA,NA,NA,
2,audra,NA,NA,NA,
1,audrey,dee,NA,NA,
1,august,gus,NA,NA,
1,augusta,tina,aggy,gatsy,
1,augustina,tina,aggy,gatsy,
1,augustine,gus,austin,august,
1,augustus,gus,austin,august,
2,aunna,NA,NA,NA,
1,aurelia,ree,rilly,orilla,
2,aurora,NA,NA,NA,
2,autumn,NA,NA,NA,
2,ava,NA,NA,NA,
2,avani,NA,NA,NA,
1,avarilla,rilla,NA,NA,
2,avary,NA,NA,NA,
2,averi,NA,NA,NA,
2,avery,NA,NA,NA,
2,avishka,NA,NA,NA,
2,awab,NA,NA,NA,
2,aya,NA,NA,NA,
2,ayah,NA,NA,NA,
2,aydan,NA,NA,NA,
2,ayden,NA,NA,NA,
2,ayla,NA,NA,NA,
2,ayleen,NA,NA,NA,
2,ayva,NA,NA,NA,
1,azariah,riah,aze,NA,
1,bab,barby,NA,NA,
1,babs,barby,barbara,bab,
2,bailee,NA,NA,NA,
2,bailey,NA,NA,NA,
2,balan,NA,NA,NA,
2,banji,NA,NA,NA,
1,barbara,barby,babs,bab,
1,barbery,barbara,NA,NA,
1,barbie,barbara,NA,NA,
1,barnabas,barney,NA,NA,
1,barney,barnabas,NA,NA,
1,bart,bartholomew,NA,NA,
1,bartholomew,bartel,bat,meus,
1,barticus,bart,NA,NA,
2,basia,NA,NA,NA,
2,baylee,NA,NA,NA,
1,bazaleel,basil,NA,NA,
1,bea,beatrice,NA,NA,
1,beatrice,bea,trisha,trixie,
1,becca,beck,NA,NA,
1,beck,becky,NA,NA,
2,becka,NA,NA,NA,
1,bedelia,delia,bridgit,NA,
2,belah,NA,NA,NA,
1,belinda,belle,linda,NA,
1,bella,belle,arabella,isabella,
2,belle francois,NA,NA,NA,
1,ben,benjamin,bennie,NA,
1,benedict,bennie,ben,NA,
2,benjami,NA,NA,NA,
1,benjamin,benjy,jamie,bennie,
1,benjy,benjamin,NA,NA,
2,bennage,NA,NA,NA,
2,bennett,NA,NA,NA,
2,benny,NA,NA,NA,
2,benson,NA,NA,NA,
1,bernard,barney,bernie,berney,
1,berney,bernie,NA,NA,
1,bert,bertie,bob,bobby,
1,bertha,bert,birdie,bertie,
1,bertram,bert,NA,NA,
1,bess,bessie,NA,NA,
1,beth,betsy,betty,elizabeth,
2,bethany,NA,NA,NA,
1,bethena,beth,thaney,NA,
1,beverly,bev,NA,NA,
1,bezaleel,zeely,NA,NA,
2,bianca,NA,NA,NA,
1,biddie,biddy,NA,NA,
2,bijan,NA,NA,NA,
1,bill,william,billy,robert,
1,billy,william,robert,fred,
2,blaine,NA,NA,NA,
2,blaise,NA,NA,NA,
2,blake,NA,NA,NA,
1,blanche,bea,NA,NA,
2,bluebell,NA,NA,NA,
1,bob,rob,robert,NA,
1,bobby,rob,bob,NA,
1,boetius,bo,NA,NA,
2,bonnie,NA,NA,NA,
1,brad,bradford,ford,NA,
2,braden,NA,NA,NA,
1,bradford,ford,brad,NA,
2,bradley,NA,NA,NA,
1,brady,brody,NA,NA,
2,braidan,NA,NA,NA,
2,brando,NA,NA,NA,
2,brandon,NA,NA,NA,
2,brayden,NA,NA,NA,
2,braydon,NA,NA,NA,
2,bre,NA,NA,NA,
2,breaden,NA,NA,NA,
2,breah,NA,NA,NA,
1,breeanna,bree,NA,NA,
2,breezy,NA,NA,NA,
2,breityn,NA,NA,NA,
2,bren,NA,NA,NA,
1,brenda,brandy,NA,NA,
2,brendan,NA,NA,NA,
2,brenden,NA,NA,NA,
2,brenek,NA,NA,NA,
2,brenna,NA,NA,NA,
2,brennan,NA,NA,NA,
2,brent,NA,NA,NA,
2,brett,NA,NA,NA,
2,bri,NA,NA,NA,
2,bria,NA,NA,NA,
1,brian,bryan,bryant,NA,
2,briana,NA,NA,NA,
2,brianna,NA,NA,NA,
2,brianne,NA,NA,NA,
1,bridget,bridie,biddy,bridgie,
2,brie,NA,NA,NA,
2,brienne,NA,NA,NA,
2,brigid,NA,NA,NA,
2,briona,NA,NA,NA,
1,brittany,britt,NA,NA,
2,brittney,NA,NA,NA,
2,britton,NA,NA,NA,
1,broderick,ricky,brody,brady,
2,brodie,NA,NA,NA,
2,brooke,NA,NA,NA,
2,brooklyn,NA,NA,NA,
2,bryanna,NA,NA,NA,
2,bryce,NA,NA,NA,
2,brylea,NA,NA,NA,
2,brylee,NA,NA,NA,
2,bryn,NA,NA,NA,
2,brynn,NA,NA,NA,
2,brysen,NA,NA,NA,
2,bryson,NA,NA,NA,
2,burak,NA,NA,NA,
2,burke,NA,NA,NA,
2,cade,NA,NA,NA,
2,caden,NA,NA,NA,
2,cadence,NA,NA,NA,
2,caelib,NA,NA,NA,
2,caelyn,NA,NA,NA,
2,caelynn,NA,NA,NA,
2,cailey,NA,NA,NA,
2,cailum,NA,NA,NA,
2,cain,NA,NA,NA,
2,caine,NA,NA,NA,
2,caitlin,NA,NA,NA,
2,caitlyn,NA,NA,NA,
2,caity,NA,NA,NA,
1,cal,calvin,NA,NA,
1,caldonia,calliedona,NA,NA,
1,caleb,cal,NA,NA,
1,california,callie,NA,NA,
1,calista,kissy,NA,NA,
2,calla,NA,NA,NA,
2,callen,NA,NA,NA,
2,calli,NA,NA,NA,
2,callum,NA,NA,NA,
1,calpurnia,cally,NA,NA,
1,calvin,vin,vinny,cal,
2,camden,NA,NA,NA,
1,cameron,ron,cam,ronny,
2,cameryn,NA,NA,NA,
2,cami,NA,NA,NA,
1,camille,millie,cammie,NA,
1,campbell,cam,NA,NA,
2,camryn,NA,NA,NA,
1,candace,candy,dacey,NA,
2,cannon,NA,NA,NA,
2,cara,NA,NA,NA,
2,caralyn,NA,NA,NA,
2,carissa,NA,NA,NA,
2,carlee,NA,NA,NA,
2,carleton,NA,NA,NA,
2,carley,NA,NA,NA,
1,carlotta,lottie,NA,NA,
1,carlton,carl,NA,NA,
1,carmellia,mellia,NA,NA,
1,carmon,charm,cammie,carm,
1,carol,lynn,carrie,carolann,
1,carolann,carol,carole,NA,
1,caroline,lynn,carol,carrie,
1,carolyn,lynn,carrie,cassie,
2,carolynn,NA,NA,NA,
1,carrie,cassie,NA,NA,
2,carsen,NA,NA,NA,
2,carson,NA,NA,NA,
2,carsyn,NA,NA,NA,
2,carter,NA,NA,NA,
1,carthaette,etta,etty,NA,
2,casee,NA,NA,NA,
1,casey,k.c.,NA,NA,
1,casper,jasper,NA,NA,
1,cassandra,sandy,cassie,sandra,
2,cassidy,NA,NA,NA,
1,cassie,cassandra,NA,NA,
1,caswell,cass,NA,NA,
2,cate,NA,NA,NA,
2,catherin,NA,NA,NA,
1,catherine,kathy,katy,lena,
1,cathleen,kathy,katy,lena,
1,cathy,kathy,cathleen,catherine,
2,caton,NA,NA,NA,
2,catrice,NA,NA,NA,
2,cayden,NA,NA,NA,
2,caydence,NA,NA,NA,
2,cc,NA,NA,NA,
1,cecilia,cissy,celia,NA,
1,cedric,ced,rick,ricky,
2,ceili,NA,NA,NA,
2,celene,NA,NA,NA,
1,celeste,lessie,celia,NA,
1,celinda,linda,lynn,lindy,
2,chad,NA,NA,NA,
2,chandhana,NA,NA,NA,
2,channing,NA,NA,NA,
2,charan,NA,NA,NA,
1,charity,chat,NA,NA,
1,charles,charlie,chuck,carl,
2,charley,NA,NA,NA,
2,charli,NA,NA,NA,
1,charlie,charles,chuck,NA,
1,charlotte,char,sherry,lottie,
2,chase,NA,NA,NA,
2,chase d,NA,NA,NA,
1,chauncey,chan,NA,NA,
2,chelsea,NA,NA,NA,
1,cher,sher,NA,NA,
1,cheryl,sheryl,NA,NA,
1,chesley,chet,NA,NA,
1,chester,chet,NA,NA,
1,chet,chester,NA,NA,
1,chick,charlotte,caroline,chuck,
1,chloe,clo,NA,NA,
1,chris,christina,christopher,christine,
1,christa,chris,NA,NA,
2,christi,NA,NA,NA,
1,christian,chris,kit,NA,
1,christiana,kris,kristy,ann,
1,christina,kris,kristy,tina,
1,christine,kris,kristy,chrissy,
1,christopher,chris,kit,NA,
1,christy,crissy,NA,NA,
2,ciara,NA,NA,NA,
2,ciarrah,NA,NA,NA,
1,cicely,cilla,NA,NA,
2,cierra,NA,NA,NA,
1,cinderella,arilla,rella,cindy,
1,cindy,cinderella,NA,NA,
2,cj,NA,NA,NA,
1,claire,clair,clare,clara,
1,clara,clarissa,NA,NA,
1,clare,clara,NA,NA,
1,clarence,clare,clair,NA,
1,clarinda,clara,NA,NA,
1,clarissa,cissy,clara,NA,
2,clarisse,NA,NA,NA,
2,clarke,NA,NA,NA,
1,claudia,claud,NA,NA,
2,clayton,NA,NA,NA,
1,cleatus,cleat,NA,NA,
1,clement,clem,NA,NA,
1,clementine,clement,clem,NA,
2,cleo,NA,NA,NA,
1,cliff,clifford,cliff,NA,
1,clifford,ford,cliff,NA,
1,clifton,tony,cliff,NA,
2,cloey,NA,NA,NA,
2,cody,NA,NA,NA,
2,cohen,NA,NA,NA,
2,coilin,NA,NA,NA,
2,colby,NA,NA,NA,
1,cole,colie,NA,NA,
2,coleman,NA,NA,NA,
2,colin,NA,NA,NA,
2,colleen,NA,NA,NA,
2,collin,NA,NA,NA,
2,colson,NA,NA,NA,
2,colsten,NA,NA,NA,
2,colt,NA,NA,NA,
2,colton,NA,NA,NA,
1,columbus,clum,NA,NA,
1,con,conny,NA,NA,
2,conlan,NA,NA,NA,
2,conner,NA,NA,NA,
2,connor,NA,NA,NA,
1,conrad,conny,con,NA,
1,constance,connie,NA,NA,
2,cooper,NA,NA,NA,
2,coral,NA,NA,NA,
2,corbin,NA,NA,NA,
1,cordelia,cordy,delia,NA,
1,corey,coco,cordy,ree,
2,cori,NA,NA,NA,
1,corinne,cora,ora,NA,
1,cornelia,nelly,cornie,nelia,
1,cornelius,conny,niel,corny,
2,cortland,NA,NA,NA,
1,cory,coco,cordy,ree,
1,courtney,curt,court,NA,
2,cova,NA,NA,NA,
2,cozy,NA,NA,NA,
2,creed,NA,NA,NA,
2,cris,NA,NA,NA,
2,cristal,NA,NA,NA,
1,crystal,chris,tal,stal,
2,cullin,NA,NA,NA,
1,curt,curtis,NA,NA,
1,curtis,curt,NA,NA,
1,cy,cyrus,NA,NA,
2,cydney,NA,NA,NA,
1,cynthia,cintha,cindy,NA,
1,cyrenius,swene,cy,serene,
1,cyrus,cy,NA,NA,
2,daenon,NA,NA,NA,
2,dagny,NA,NA,NA,
2,daine,NA,NA,NA,
1,daisy,margaret,NA,NA,
2,dakota,NA,NA,NA,
1,dal,dahl,NA,NA,
1,dalton,dahl,NA,NA,
2,damian,NA,NA,NA,
1,dan,danny,daniel,NA,
2,dana,NA,NA,NA,
2,danica,NA,NA,NA,
1,daniel,dan,danny,NA,
2,daniela,NA,NA,NA,
1,danielle,ellie,dani,NA,
2,danika,NA,NA,NA,
1,danny,daniel,NA,NA,
2,dante,NA,NA,NA,
1,daphne,daph,daphie,NA,
2,darby,NA,NA,NA,
2,darian,NA,NA,NA,
2,darien,NA,NA,NA,
1,darlene,lena,darry,NA,
1,dave,david,NA,NA,
1,davey,david,NA,NA,
1,david,dave,day,davey,
2,davis,NA,NA,NA,
2,dawson,NA,NA,NA,
2,deacon,NA,NA,NA,
2,dean,NA,NA,NA,
1,deanne,ann,dee,NA,
1,deb,deborah,debra,NA,
1,debbie,deb,debra,deborah,
1,debby,deb,NA,NA,
1,debora,deb,debbie,debby,
1,deborah,deb,debbie,debby,
1,debra,deb,debbie,NA,
2,declan,NA,NA,NA,
2,degaregen,NA,NA,NA,
1,deidre,deedee,NA,NA,
2,deklan,NA,NA,NA,
2,delaney,NA,NA,NA,
2,delanie,NA,NA,NA,
2,delaynie,NA,NA,NA,
1,delbert,bert,del,NA,
1,delia,fidelia,cordelia,delius,
1,delilah,lil,lila,dell,
1,deliverance,delly,dilly,della,
1,dell,della,NA,NA,
1,della,adela,delilah,adelaide,
1,delores,lolly,lola,della,
1,delpha,philadelphia,NA,NA,
1,delphine,delphi,del,delf,
1,demaris,dea,maris,mary,
1,demerias,dea,maris,mary,
2,demi,NA,NA,NA,
1,democrates,mock,NA,NA,
2,dena,NA,NA,NA,
1,denise,dennis,NA,NA,
1,dennis,denny,NA,NA,
1,dennison,denny,NA,NA,
2,denys,NA,NA,NA,
2,derek,NA,NA,NA,
2,derick,NA,NA,NA,
1,derrick,ricky,eric,rick,
2,desi,NA,NA,NA,
2,destiney,NA,NA,NA,
2,destiny,NA,NA,NA,
1,deuteronomy,duty,NA,NA,
2,devan,NA,NA,NA,
2,devin,NA,NA,NA,
2,devon,NA,NA,NA,
1,diana,dicey,didi,di,
1,diane,dicey,didi,di,
2,dibby,NA,NA,NA,
1,dicey,dicie,NA,NA,
1,dick,rick,richard,NA,
2,dickinson,NA,NA,NA,
1,dickson,dick,NA,NA,
2,diego,NA,NA,NA,
2,dj,NA,NA,NA,
2,doc,NA,NA,NA,
2,dock,NA,NA,NA,
1,domenic,dom,NA,NA,
2,domenique,NA,NA,NA,
1,dominic,dom,NA,NA,
2,dominick,NA,NA,NA,
1,don,donald,NA,NA,
1,donald,dony,donnie,don,
1,donnie,donald,donny,NA,
1,donny,donald,NA,NA,
2,donovan,NA,NA,NA,
1,dorcus,darkey,NA,NA,
1,dorinda,dorothea,dora,NA,
1,doris,dora,NA,NA,
1,dorothea,doda,dora,NA,
1,dorothy,dortha,dolly,dot,
1,dot,dotty,NA,NA,
1,dotha,dotty,NA,NA,
1,douglas,doug,NA,NA,
2,dr kristina,NA,NA,NA,
1,drew,andrew,NA,NA,
1,drusilla,silla,NA,NA,
2,ducain,NA,NA,NA,
2,duke,NA,NA,NA,
1,duncan,dunk,NA,NA,
2,dwaraka,NA,NA,NA,
2,dylan,NA,NA,NA,
2,eammon,NA,NA,NA,
1,earnest,ernestine,ernie,NA,
2,easton,NA,NA,NA,
1,eb,ebbie,NA,NA,
1,ebenezer,ebbie,eben,eb,
1,ed,eddie,eddy,NA,
1,eddie,eddy,NA,NA,
2,eden,NA,NA,NA,
1,edgar,ed,eddie,eddy,
2,edin,NA,NA,NA,
1,edith,edie,edye,NA,
1,edmond,ed,eddie,eddy,
1,edmund,ed,eddie,ted,
1,edna,edny,NA,NA,
1,eduardo,ed,eddie,eddy,
1,edward,teddy,ed,ned,
1,edwin,ed,eddie,win,
1,edwina,edwin,NA,NA,
1,edyth,edie,edye,NA,
1,edythe,edie,edye,NA,
1,egbert,bert,burt,NA,
2,eian,NA,NA,NA,
1,eighta,athy,NA,NA,
1,eileen,helen,NA,NA,
2,ela,NA,NA,NA,
2,elaina,NA,NA,NA,
1,elaine,lainie,helen,NA,
1,elbert,albert,NA,NA,
1,elbertson,elbert,bert,NA,
1,eleanor,lanna,nora,nelly,
1,eleazer,lazar,NA,NA,
2,electa,NA,NA,NA,
1,elena,helen,NA,NA,
2,elenora,NA,NA,NA,
2,eliana,NA,NA,NA,
2,elianna,NA,NA,NA,
1,elias,eli,lee,lias,
1,elijah,lige,eli,NA,
2,elinor,NA,NA,NA,
2,eliot,NA,NA,NA,
1,eliphalel,life,NA,NA,
1,eliphalet,left,NA,NA,
1,elisa,lisa,NA,NA,
2,elisabeth,NA,NA,NA,
2,elise,NA,NA,NA,
1,elisha,lish,eli,NA,
2,elisia,NA,NA,NA,
2,elissa,NA,NA,NA,
1,eliza,elizabeth,NA,NA,
1,elizabeth,libby,lisa,lib,
1,ella,ellen,NA,NA,
2,ella or gabriel,NA,NA,NA,
2,elle,NA,NA,NA,
1,ellen,nellie,nell,helen,
1,ellender,nellie,ellen,helen,
2,elli,NA,NA,NA,
2,elliana,NA,NA,NA,
1,ellie,elly,NA,NA,
2,elliott,NA,NA,NA,
2,ellora,NA,NA,NA,
2,ellouise,NA,NA,NA,
1,ellswood,elsey,NA,NA,
1,elminie,minnie,NA,NA,
1,elmira,ellie,elly,mira,
1,elnora,nora,NA,NA,
1,eloise,heloise,louise,NA,
1,elouise,louise,NA,NA,
1,elsie,elsey,NA,NA,
1,elswood,elsey,NA,NA,
1,elvira,elvie,NA,NA,
1,elwood,woody,NA,NA,
2,elyse,NA,NA,NA,
1,elysia,lisa,NA,NA,
1,elze,elsey,NA,NA,
2,eman,NA,NA,NA,
1,emanuel,manuel,manny,NA,
2,emelia,NA,NA,NA,
1,emeline,em,emmy,emma,
2,emerson,NA,NA,NA,
2,emery,NA,NA,NA,
2,emi,NA,NA,NA,
1,emil,emily,NA,NA,
2,emilee,NA,NA,NA,
2,emilia,NA,NA,NA,
2,emilly,NA,NA,NA,
1,emily,emmy,millie,emma,
2,emina,NA,NA,NA,
1,emma,emmy,NA,NA,
2,emmalie,NA,NA,NA,
2,emmaline,NA,NA,NA,
2,emme,NA,NA,NA,
2,emmeline,NA,NA,NA,
2,emmett,NA,NA,NA,
2,emmitt,NA,NA,NA,
2,emory,NA,NA,NA,
2,enza,NA,NA,NA,
1,epaphroditius,dite,ditus,eppa,
1,ephraim,eph,NA,NA,
1,erasmus,raze,rasmus,NA,
2,erdem,NA,NA,NA,
1,eric,rick,ricky,NA,
2,erica,NA,NA,NA,
2,erich,NA,NA,NA,
2,erik,NA,NA,NA,
2,erika,NA,NA,NA,
1,ernest,ernie,NA,NA,
1,ernestine,teeny,ernest,tina,
1,erwin,irwin,NA,NA,
1,eseneth,senie,NA,NA,
2,eshwar,NA,NA,NA,
1,essy,es,NA,NA,
1,estella,essy,stella,NA,
1,estelle,essy,stella,NA,
1,esther,hester,essie,NA,
2,eszter,NA,NA,NA,
2,ethan,NA,NA,NA,
2,euan,NA,NA,NA,
1,eudicy,dicey,NA,NA,
1,eudora,dora,NA,NA,
1,eudoris,dossie,dosie,NA,
1,eugene,gene,NA,NA,
2,eugenio,NA,NA,NA,
1,eunice,nicie,NA,NA,
1,euphemia,effie,effy,NA,
1,eurydice,dicey,NA,NA,
1,eustacia,stacia,stacy,NA,
1,eva,eve,NA,NA,
1,evaline,eva,lena,eve,
2,evander,NA,NA,NA,
2,evangelina,NA,NA,NA,
1,evangeline,ev,evan,vangie,
1,evelyn,evelina,ev,eve,
2,evelynn,NA,NA,NA,
2,evie,NA,NA,NA,
2,evvie,NA,NA,NA,
2,evyn,NA,NA,NA,
2,ewan,NA,NA,NA,
1,experience,exie,NA,NA,
2,eyobel,NA,NA,NA,
2,eyrie,NA,NA,NA,
2,eyup,NA,NA,NA,
1,ezekiel,zeke,ez,NA,
1,ezideen,ez,NA,NA,
1,ezra,ez,NA,NA,
2,fadwa,NA,NA,NA,
1,faith,fay,NA,NA,
2,faris,NA,NA,NA,
2,faye,NA,NA,NA,
2,fayth,NA,NA,NA,
1,felicia,fel,felix,feli,
1,felicity,flick,tick,NA,
2,felipe,NA,NA,NA,
1,feltie,felty,NA,NA,
1,ferdinand,freddie,freddy,ferdie,
1,ferdinando,nando,ferdie,fred,
2,ferguson,NA,NA,NA,
1,fidelia,delia,NA,NA,
2,finn,NA,NA,NA,
2,finnley,NA,NA,NA,
2,fiona,NA,NA,NA,
2,flaminio,NA,NA,NA,
2,flavia,NA,NA,NA,
1,flo,florence,NA,NA,
1,flora,florence,NA,NA,
1,florence,flossy,flora,flo,
2,floria,NA,NA,NA,
1,floyd,lloyd,NA,NA,
1,fran,frannie,NA,NA,
1,frances,sis,cissy,frankie,
2,francesca,NA,NA,NA,
2,francesco,NA,NA,NA,
1,francie,francine,NA,NA,
1,francine,franniey,fran,frannie,
1,francis,fran,frankie,frank,
2,francisco,NA,NA,NA,
1,frank,franklin,NA,NA,
1,frankie,frank,francis,NA,
1,franklin,fran,frank,NA,
1,franklind,frank,NA,NA,
1,fred,freddy,frederick,NA,
1,freda,frieda,NA,NA,
1,frederica,frederick,NA,NA,
1,frederick,freddie,freddy,fritz,
1,fredericka,freddy,ricka,freda,
2,fredrick,NA,NA,NA,
1,frieda,freddie,freddy,fred,
2,fynn,NA,NA,NA,
1,gabby,gabriella,gabe,gabrielle,
1,gabe,gabriel,NA,NA,
2,gabrie,NA,NA,NA,
1,gabriel,gabe,gabby,NA,
2,gabriela,NA,NA,NA,
2,gabriele,NA,NA,NA,
1,gabriella,ella,gabby,NA,
1,gabrielle,ella,gabby,NA,
2,gage,NA,NA,NA,
2,garrett,NA,NA,NA,
2,gary,NA,NA,NA,
2,gavin,NA,NA,NA,
1,genevieve,jean,eve,jenny,
2,genny,NA,NA,NA,
2,gentaro,NA,NA,NA,
1,geoff,geoffrey,jeffrey,jeff,
1,geoffrey,geoff,jeff,NA,
1,george,jorge,georgiana,NA,
1,georgia,george,georgiana,NA,
2,georgie,NA,NA,NA,
1,gerald,gerry,jerry,NA,
1,geraldine,gerry,gerrie,jerry,
1,gerhardt,gay,NA,NA,
1,gerrie,geraldine,NA,NA,
1,gerry,gerald,geraldine,jerry,
1,gert,gertie,NA,NA,
1,gertie,gertrude,NA,NA,
1,gertrude,gertie,gert,trudy,
2,gia,NA,NA,NA,
2,giada,NA,NA,NA,
2,gianluca,NA,NA,NA,
2,gianna,NA,NA,NA,
2,gianni,NA,NA,NA,
2,giavanna,NA,NA,NA,
2,gigi,NA,NA,NA,
1,gil,gilbert,NA,NA,
1,gilbert,bert,gil,wilber,
2,ginger,NA,NA,NA,
2,gio,NA,NA,NA,
2,giovani,NA,NA,NA,
2,giovanna,NA,NA,NA,
2,giovanni,NA,NA,NA,
2,giuliana,NA,NA,NA,
2,giuseppe,NA,NA,NA,
2,gleb,NA,NA,NA,
1,gloria,glory,NA,NA,
2,gokhan,NA,NA,NA,
2,gould,NA,NA,NA,
2,gouri,NA,NA,NA,
1,governor,govie,NA,NA,
2,grace,NA,NA,NA,
2,gracen,NA,NA,NA,
2,gracie,NA,NA,NA,
2,gracyn,NA,NA,NA,
2,graeme,NA,NA,NA,
2,graham,NA,NA,NA,
2,grant,NA,NA,NA,
2,grayson,NA,NA,NA,
1,greenberry,green,berry,NA,
1,gregory,greg,NA,NA,
2,greta,NA,NA,NA,
1,gretchen,margaret,NA,NA,
2,gretta,NA,NA,NA,
2,griff,NA,NA,NA,
2,griffin,NA,NA,NA,
1,griselda,grissel,NA,NA,
1,gum,monty,NA,NA,
2,gunner,NA,NA,NA,
1,gus,gussie,NA,NA,
1,gustavus,gus,NA,NA,
1,gwen,gwendolyn,wendy,NA,
1,gwendolyn,gwen,wendy,NA,
2,gwenyth,NA,NA,NA,
2,hadrian,NA,NA,NA,
2,haein,NA,NA,NA,
2,hailey,NA,NA,NA,
2,halaina,NA,NA,NA,
2,haleena,NA,NA,NA,
2,haleigha,NA,NA,NA,
2,haley,NA,NA,NA,
2,hali,NA,NA,NA,
2,halle,NA,NA,NA,
2,hamadan,NA,NA,NA,
1,hamilton,ham,NA,NA,
2,hamza,NA,NA,NA,
2,hana,NA,NA,NA,
2,haneefa,NA,NA,NA,
2,hanley,NA,NA,NA,
2,hanna,NA,NA,NA,
1,hannah,nan,nanny,anna,
2,harmony,NA,NA,NA,
1,harold,hal,harry,NA,
2,harper,NA,NA,NA,
1,harriet,hattie,NA,NA,
2,harrison,NA,NA,NA,
2,harrison j,NA,NA,NA,
1,harry,harold,henry,NA,
1,haseltine,hassie,NA,NA,
2,hassan,NA,NA,NA,
2,hayd,NA,NA,NA,
2,hayden,NA,NA,NA,
2,haylee,NA,NA,NA,
2,hayley,NA,NA,NA,
2,hayne,NA,NA,NA,
2,hazal,NA,NA,NA,
2,healey,NA,NA,NA,
1,heather,hetty,NA,NA,
2,hector,NA,NA,NA,
1,helen,lena,ella,ellen,
1,helena,eileen,lena,nell,
1,helene,lena,ella,ellen,
1,heloise,lois,eloise,elouise,
2,henley,NA,NA,NA,
1,henrietta,hank,etta,etty,
1,henry,hank,hal,harry,
1,hephsibah,hipsie,NA,NA,
1,hepsibah,hipsie,NA,NA,
1,herb,herbert,NA,NA,
1,herbert,bert,herb,NA,
1,herman,harman,dutch,NA,
1,hermione,hermie,NA,NA,
1,hester,hessy,esther,hetty,
1,hezekiah,hy,hez,kiah,
2,hibah,NA,NA,NA,
1,hiram,hy,NA,NA,
2,holly,NA,NA,NA,
2,holton,NA,NA,NA,
1,honora,honey,nora,norry,
2,hope,NA,NA,NA,
1,hopkins,hopp,hop,NA,
1,horace,horry,NA,NA,
1,hortense,harty,tensey,NA,
1,hosea,hosey,hosie,NA,
1,howard,hal,howie,NA,
1,hubert,bert,hugh,hub,
2,huddy,NA,NA,NA,
2,hudson,NA,NA,NA,
2,hunter,NA,NA,NA,
2,hussain,NA,NA,NA,
2,hyzell,NA,NA,NA,
2,iala,NA,NA,NA,
1,ian,john,NA,NA,
2,ido,NA,NA,NA,
2,idris,NA,NA,NA,
2,idzik,NA,NA,NA,
2,ignat,NA,NA,NA,
1,ignatius,natius,iggy,nate,
1,ignatzio,naz,iggy,nace,
2,ila,NA,NA,NA,
2,ilah,NA,NA,NA,
2,ilaria,NA,NA,NA,
2,imani,NA,NA,NA,
1,immanuel,manuel,emmanuel,NA,
2,imre,NA,NA,NA,
1,india,indie,indy,NA,
1,inez,agnes,NA,NA,
2,inno,NA,NA,NA,
1,iona,onnie,NA,NA,
2,ira,NA,NA,NA,
2,ireland,NA,NA,NA,
2,irena,NA,NA,NA,
1,irene,rena,NA,NA,
1,irvin,irving,NA,NA,
1,irving,irv,NA,NA,
1,irwin,erwin,NA,NA,
1,isaac,ike,zeke,NA,
1,isabel,tibbie,bell,nib,
2,isabela,NA,NA,NA,
1,isabella,tibbie,nib,belle,
2,isabella or bel,NA,NA,NA,
1,isabelle,tibbie,nib,belle,
1,isadora,issy,dora,NA,
1,isaiah,zadie,zay,NA,
2,isam,NA,NA,NA,
1,isidore,izzy,NA,NA,
2,ismail,NA,NA,NA,
2,issac,NA,NA,NA,
2,issei,NA,NA,NA,
1,iva,ivy,NA,NA,
1,ivan,john,NA,NA,
2,ivana,NA,NA,NA,
2,izabella,NA,NA,NA,
2,j.d.,NA,NA,NA,
2,jace,NA,NA,NA,
2,jacey,NA,NA,NA,
2,jack or jackson,NA,NA,NA,
2,jackman,NA,NA,NA,
1,jackson,jack,NA,NA,
1,jacob,jaap,jake,jay,
1,jacobus,jacob,NA,NA,
1,jacqueline,jackie,jack,NA,
2,jacqui,NA,NA,NA,
2,jada,NA,NA,NA,
2,jade,NA,NA,NA,
2,jaehyeok,NA,NA,NA,
2,jaela,NA,NA,NA,
2,jaggar,NA,NA,NA,
2,jagger,NA,NA,NA,
1,jahoda,hody,hodie,hoda,
2,jailang,NA,NA,NA,
2,jaina,NA,NA,NA,
2,jaja,NA,NA,NA,
2,jakob,NA,NA,NA,
1,james,jimmy,jim,jamie,
2,jamey,NA,NA,NA,
1,jamie,james,NA,NA,
2,jamison,NA,NA,NA,
1,jane,janie,jessie,jean,
2,janelle,NA,NA,NA,
1,janet,jan,jessie,NA,
1,janice,jan,NA,NA,
2,janik,NA,NA,NA,
2,janiyah,NA,NA,NA,
1,jannett,nettie,NA,NA,
2,jared,NA,NA,NA,
2,jash,NA,NA,NA,
2,jasmine,NA,NA,NA,
2,jason,NA,NA,NA,
1,jasper,jap,casper,NA,
2,javier,NA,NA,NA,
2,jax,NA,NA,NA,
2,jaxen,NA,NA,NA,
2,jaxon,NA,NA,NA,
2,jaxson,NA,NA,NA,
2,jayce,NA,NA,NA,
2,jayden,NA,NA,NA,
2,jaydon,NA,NA,NA,
2,jayjay,NA,NA,NA,
2,jayla,NA,NA,NA,
1,jayme,jay,NA,NA,
2,jayna,NA,NA,NA,
2,jayne,NA,NA,NA,
2,jayson,NA,NA,NA,
2,jd,NA,NA,NA,
1,jean,jane,jeannie,NA,
1,jeanette,jessie,jean,janet,
1,jeanne,jane,jeannie,NA,
1,jeb,jebadiah,NA,NA,
1,jedediah,dyer,jed,diah,
1,jedidiah,jed,NA,NA,
1,jeff,geoffrey,jeffrey,NA,
1,jefferey,jeff,NA,NA,
1,jefferson,sonny,jeff,NA,
1,jeffrey,geoff,jeff,NA,
1,jehiel,hiel,NA,NA,
1,jehu,hugh,gee,NA,
2,jelani,NA,NA,NA,
2,jem,NA,NA,NA,
1,jemima,mima,NA,NA,
2,jenna,NA,NA,NA,
1,jennet,jessie,jenny,NA,
1,jennifer,jennie,NA,NA,
1,jenny,jennifer,NA,NA,
2,jensen,NA,NA,NA,
1,jeremiah,jereme,jerry,NA,
2,jeremy,NA,NA,NA,
1,jerita,rita,NA,NA,
1,jerry,jereme,geraldine,NA,
2,jes,NA,NA,NA,
2,jesse,NA,NA,NA,
2,jessey,NA,NA,NA,
2,jessi,NA,NA,NA,
1,jessica,jessie,NA,NA,
1,jessie,jane,jess,janet,
2,jia,NA,NA,NA,
2,jia c,NA,NA,NA,
2,jialiang,NA,NA,NA,
2,jierui,NA,NA,NA,
2,jillian,NA,NA,NA,
1,jim,jimmie,NA,NA,
1,jincy,jane,NA,NA,
2,jinshik,NA,NA,NA,
1,jinsy,jane,NA,NA,
2,jinyi,NA,NA,NA,
2,jj,NA,NA,NA,
1,joan,jo,nonie,NA,
1,joann,jo,NA,NA,
1,joanna,hannah,jody,jo,
1,joanne,jo,NA,NA,
2,jocelyn,NA,NA,NA,
1,jody,jo,NA,NA,
1,joe,joseph,joey,NA,
2,joel,NA,NA,NA,
1,joey,joseph,NA,NA,
1,johanna,jo,NA,NA,
1,johannah,hannah,jody,joan,
1,johannes,jonathan,john,johnny,
1,john,jack,johnny,jock,
2,johnathan,NA,NA,NA,
2,johnson,NA,NA,NA,
2,jojo,NA,NA,NA,
2,joleigh,NA,NA,NA,
2,joley,NA,NA,NA,
2,jolie,NA,NA,NA,
2,jomo,NA,NA,NA,
1,jon,john,nathan,NA,
2,jon yianni,NA,NA,NA,
2,jonah,NA,NA,NA,
2,jonas,NA,NA,NA,
1,jonathan,john,nathan,NA,
2,jonny,NA,NA,NA,
2,joona,NA,NA,NA,
2,jordan,NA,NA,NA,
2,jordyn,NA,NA,NA,
2,joscelyn conisk,NA,NA,NA,
1,joseph,jody,jos,joe,
2,joseph b,NA,NA,NA,
2,joseph elijah,NA,NA,NA,
1,josephine,fina,jody,jo,
1,josetta,jettie,NA,NA,
1,josey,josophine,NA,NA,
1,josh,joshua,NA,NA,
1,joshua,jos,josh,NA,
1,josiah,jos,NA,NA,
2,josie,NA,NA,NA,
1,joyce,joy,NA,NA,
2,jt,NA,NA,NA,
2,juan,NA,NA,NA,
1,juanita,nita,nettie,NA,
1,judah,juder,jude,NA,
1,judith,judie,juda,judy,
1,judson,sonny,jud,NA,
1,judy,judith,NA,NA,
2,juel,NA,NA,NA,
2,juju,NA,NA,NA,
2,jules,NA,NA,NA,
2,juli,NA,NA,NA,
1,julia,julie,jill,NA,
1,julian,jule,NA,NA,
2,juliana,NA,NA,NA,
2,julianna,NA,NA,NA,
1,julias,jule,NA,NA,
1,julie,julia,jule,NA,
2,julienne,NA,NA,NA,
2,juliet,NA,NA,NA,
1,june,junius,NA,NA,
1,junior,junie,june,jr,
2,justice,NA,NA,NA,
1,justin,justus,justina,NA,
2,jz,NA,NA,NA,
2,kaden,NA,NA,NA,
2,kadence,NA,NA,NA,
2,kaeden,NA,NA,NA,
2,kaelyn,NA,NA,NA,
2,kaevii,NA,NA,NA,
2,kai,NA,NA,NA,
2,kaiden,NA,NA,NA,
2,kaihalla,NA,NA,NA,
2,kaila,NA,NA,NA,
2,kailey,NA,NA,NA,
2,kaili,NA,NA,NA,
2,kailin,NA,NA,NA,
2,kaimana,NA,NA,NA,
2,kaitlin,NA,NA,NA,
2,kaitllyn,NA,NA,NA,
2,kaitlyn,NA,NA,NA,
2,kaleb,NA,NA,NA,
2,kaleigh,NA,NA,NA,
2,kalin,NA,NA,NA,
2,kamden,NA,NA,NA,
2,kameron,NA,NA,NA,
2,kamryn,NA,NA,NA,
2,kamya,NA,NA,NA,
2,kandace,NA,NA,NA,
2,kantaro,NA,NA,NA,
2,kara,NA,NA,NA,
2,kareem,NA,NA,NA,
2,karl,NA,NA,NA,
2,karli,NA,NA,NA,
2,karly,NA,NA,NA,
2,karolina,NA,NA,NA,
1,karonhappuck,karon,karen,carrie,
2,karsen,NA,NA,NA,
2,karynn,NA,NA,NA,
1,kasey,k.c.,NA,NA,
2,kassidy,NA,NA,NA,
2,kat,NA,NA,NA,
1,katarina,catherine,tina,NA,
1,kate,kay,NA,NA,
1,katelin,kay,kate,kaye,
1,katelyn,kay,kate,kaye,
2,katerina,NA,NA,NA,
2,katharina,NA,NA,NA,
2,katharine,NA,NA,NA,
1,katherine,kathy,katy,lena,
1,kathleen,kathy,katy,lena,
1,kathryn,kathy,NA,NA,
2,katie,NA,NA,NA,
2,katrina,NA,NA,NA,
2,katrine,NA,NA,NA,
1,katy,kathy,NA,NA,
2,katya,NA,NA,NA,
2,kaya,NA,NA,NA,
2,kayci,NA,NA,NA,
2,kayda,NA,NA,NA,
2,kayden,NA,NA,NA,
1,kayla,kay,NA,NA,
2,kaylea,NA,NA,NA,
2,kaylee,NA,NA,NA,
2,kayleigh,NA,NA,NA,
2,kayley,NA,NA,NA,
2,kaylie,NA,NA,NA,
2,kaylin,NA,NA,NA,
2,kaylynn,NA,NA,NA,
2,kazuyashi,NA,NA,NA,
2,keagen,NA,NA,NA,
2,keaghan,NA,NA,NA,
2,keane,NA,NA,NA,
2,keara,NA,NA,NA,
2,keaton,NA,NA,NA,
2,keegan,NA,NA,NA,
2,keenan,NA,NA,NA,
2,keenen,NA,NA,NA,
2,kegan,NA,NA,NA,
2,keira,NA,NA,NA,
2,keira m,NA,NA,NA,
2,keller,NA,NA,NA,
2,kelly,NA,NA,NA,
2,kelsey,NA,NA,NA,
2,kelvin,NA,NA,NA,
1,ken,kenneth,NA,NA,
1,kendall,ken,kenny,NA,
1,kendra,kenj,kenji,kay,
1,kendrick,ken,kenny,NA,
2,kennedy,NA,NA,NA,
2,kennessy,NA,NA,NA,
1,kenneth,ken,kenny,kendrick,
2,kennidi,NA,NA,NA,
1,kenny,ken,kenneth,NA,
2,kennyn,NA,NA,NA,
1,kent,ken,kenny,kendrick,
2,kenyon,NA,NA,NA,
2,kenz,NA,NA,NA,
2,kenzie,NA,NA,NA,
2,keon,NA,NA,NA,
2,kerem,NA,NA,NA,
2,kerrington,NA,NA,NA,
2,kerry,NA,NA,NA,
2,kevin,NA,NA,NA,
1,keziah,kizza,kizzie,NA,
2,khany,NA,NA,NA,
2,khavy,NA,NA,NA,
2,ki,NA,NA,NA,
2,kian,NA,NA,NA,
2,kiana,NA,NA,NA,
2,kiera,NA,NA,NA,
2,kieran,NA,NA,NA,
2,kiernan,NA,NA,NA,
2,kiersten,NA,NA,NA,
2,kierstin,NA,NA,NA,
2,kiki,NA,NA,NA,
2,kiko,NA,NA,NA,
2,kiley,NA,NA,NA,
1,kim,kimberly,kimberley,NA,
1,kimberley,kim,NA,NA,
1,kimberly,kim,NA,NA,
2,kimmy,NA,NA,NA,
1,kingsley,king,NA,NA,
1,kingston,king,NA,NA,
2,kinsey,NA,NA,NA,
2,kira,NA,NA,NA,
2,kiran,NA,NA,NA,
2,kirsten,NA,NA,NA,
1,kit,kittie,NA,NA,
2,kobe,NA,NA,NA,
2,koen,NA,NA,NA,
2,kolby,NA,NA,NA,
2,kolleen,NA,NA,NA,
2,konrad,NA,NA,NA,
2,korey,NA,NA,NA,
2,kortney,NA,NA,NA,
1,kris,chris,NA,NA,
2,krista,NA,NA,NA,
1,kristel,kris,NA,NA,
1,kristen,chris,NA,NA,
2,kristiana,NA,NA,NA,
1,kristin,chris,NA,NA,
2,kristina,NA,NA,NA,
1,kristine,kris,kristy,tina,
1,kristopher,chris,kris,NA,
1,kristy,chris,NA,NA,
2,kuepper,NA,NA,NA,
2,kura,NA,NA,NA,
2,kurt,NA,NA,NA,
2,kya,NA,NA,NA,
2,kyan,NA,NA,NA,
2,kyla,NA,NA,NA,
2,kyle,NA,NA,NA,
2,kylee,NA,NA,NA,
2,kyleigh,NA,NA,NA,
2,kyler,NA,NA,NA,
2,kylie,NA,NA,NA,
2,kyra,NA,NA,NA,
2,labenne,NA,NA,NA,
2,lacey,NA,NA,NA,
1,lafayette,laffie,fate,NA,
2,laila,NA,NA,NA,
2,laksh,NA,NA,NA,
1,lamont,monty,NA,NA,
2,lana,NA,NA,NA,
2,landan,NA,NA,NA,
2,landon,NA,NA,NA,
2,landyn,NA,NA,NA,
2,lane,NA,NA,NA,
1,laodicia,dicy,cenia,NA,
2,lara,NA,NA,NA,
1,larry,laurence,lawrence,NA,
2,laryssa,NA,NA,NA,
2,late dave,NA,NA,NA,
2,lathan,NA,NA,NA,
2,laurel,NA,NA,NA,
1,lauren,ren,laurie,NA,
1,laurence,lorry,larry,lon,
1,laurinda,laura,lawrence,NA,
2,laurrel,NA,NA,NA,
1,lauryn,laurie,NA,NA,
1,laveda,veda,NA,NA,
1,laverne,vernon,verna,NA,
1,lavina,vina,viney,ina,
1,lavinia,vina,viney,ina,
1,lavonia,vina,vonnie,wyncha,
1,lavonne,von,NA,NA,
1,lawrence,lorry,larry,lon,
2,layla,NA,NA,NA,
2,layne,NA,NA,NA,
2,leah,NA,NA,NA,
1,leanne,lea,annie,NA,
1,lecurgus,curg,NA,NA,
2,leeva,NA,NA,NA,
2,leigha,NA,NA,NA,
2,leighanna,NA,NA,NA,
2,leina,NA,NA,NA,
2,leiya,NA,NA,NA,
2,lela,NA,NA,NA,
1,lemuel,lem,NA,NA,
1,lena,ellen,NA,NA,
2,lennon,NA,NA,NA,
1,lenora,nora,lee,NA,
1,leo,leon,NA,NA,
1,leonard,lineau,leo,leon,
1,leonidas,lee,leon,NA,
1,leonora,nora,nell,nellie,
1,leonore,nora,honor,elenor,
1,leroy,roy,lee,l.r.,
1,les,lester,NA,NA,
2,lesha,NA,NA,NA,
1,leslie,les,NA,NA,
1,lester,les,NA,NA,
1,letitia,tish,titia,lettice,
1,levi,lee,NA,NA,
1,levicy,vicy,NA,NA,
1,levone,von,NA,NA,
2,lexi m,NA,NA,NA,
2,lexie,NA,NA,NA,
2,leyna,NA,NA,NA,
2,lia,NA,NA,NA,
2,liam,NA,NA,NA,
2,liana,NA,NA,NA,
2,lianna,NA,NA,NA,
1,lib,libby,NA,NA,
1,lidia,lyddy,NA,NA,
1,lil,lilly,lily,NA,
2,lilah,NA,NA,NA,
2,lileigh,NA,NA,NA,
2,lili,NA,NA,NA,
2,lilia,NA,NA,NA,
2,lilian,NA,NA,NA,
2,liliana,NA,NA,NA,
2,liliya,NA,NA,NA,
1,lillah,lil,lilly,lily,
2,lillee,NA,NA,NA,
1,lillian,lil,lilly,lolly,
2,lillianna,NA,NA,NA,
1,lilly,lily,NA,NA,
2,lillyanne,NA,NA,NA,
2,lilyan,NA,NA,NA,
2,lilyanna,NA,NA,NA,
1,lincoln,link,NA,NA,
1,linda,lindy,lynn,NA,
2,lindsay,NA,NA,NA,
2,lindsey,NA,NA,NA,
1,lindy,lynn,NA,NA,
2,linnaea,NA,NA,NA,
2,linnea,NA,NA,NA,
2,linus,NA,NA,NA,
1,lionel,leon,NA,NA,
1,lisa,lizzie,alice,liz,
1,littleberry,little,berry,l.b.,
2,liv,NA,NA,NA,
2,livy,NA,NA,NA,
1,liz,elizabeth,NA,NA,
2,lizzi,NA,NA,NA,
1,lizzie,elizabeth,liz,NA,
2,lizzy,NA,NA,NA,
2,lochlan,NA,NA,NA,
2,logan,NA,NA,NA,
1,lois,lou,louise,NA,
1,lon,lonzo,NA,NA,
2,loralai,NA,NA,NA,
2,lorena,NA,NA,NA,
1,lorenzo,loren,NA,NA,
1,loretta,etta,lorrie,retta,
1,lorraine,lorrie,NA,NA,
1,lotta,lottie,NA,NA,
1,lou,louis,lu,NA,
1,louis,lewis,louise,louie,
1,louisa,eliza,lou,lois,
1,louise,eliza,lou,lois,
1,louvinia,vina,vonnie,wyncha,
2,luca,NA,NA,NA,
1,lucas,luke,NA,NA,
2,lucca,NA,NA,NA,
1,lucia,lucy,lucius,NA,
2,lucian,NA,NA,NA,
2,luciana,NA,NA,NA,
2,luciano,NA,NA,NA,
1,lucias,luke,NA,NA,
2,lucie,NA,NA,NA,
2,lucien,NA,NA,NA,
1,lucille,cille,lu,lucy,
1,lucina,sinah,NA,NA,
1,lucinda,lu,lucy,cindy,
1,lucretia,creasey,NA,NA,
1,lucy,lucinda,NA,NA,
1,luella,lula,ella,lu,
2,luka,NA,NA,NA,
2,lukas,NA,NA,NA,
1,luke,lucas,NA,NA,
1,lunetta,nettie,NA,NA,
1,lurana,lura,NA,NA,
1,luther,luke,NA,NA,
1,lydia,lyddy,NA,NA,
2,lyla,NA,NA,NA,
2,lylah,NA,NA,NA,
2,lyle,NA,NA,NA,
1,lyndon,lindy,lynn,NA,
1,mabel,mehitabel,amabel,NA,
1,mac,mc,NA,NA,
2,macey,NA,NA,NA,
2,macie,NA,NA,NA,
1,mack,mac,mc,NA,
2,mackenzi,NA,NA,NA,
1,mackenzie,kenzy,mac,mack,
2,madailein,NA,NA,NA,
2,madaline,NA,NA,NA,
2,madalyn,NA,NA,NA,
2,madden,NA,NA,NA,
2,maddie,NA,NA,NA,
1,maddy,madelyn,madeline,madge,
2,made,NA,NA,NA,
2,madeleine,NA,NA,NA,
1,madeline,maggie,lena,magda,
2,madelyne,NA,NA,NA,
2,madelynn,NA,NA,NA,
2,madi,NA,NA,NA,
1,madie,madeline,madelyn,NA,
2,madigan,NA,NA,NA,
1,madison,mattie,maddy,NA,
2,madisyn,NA,NA,NA,
2,maeve,NA,NA,NA,
2,magavin,NA,NA,NA,
1,magdalena,maggie,lena,NA,
1,magdelina,lena,magda,madge,
1,mahala,hallie,NA,NA,
2,mahi,NA,NA,NA,
2,mahmoud,NA,NA,NA,
2,maiko,NA,NA,NA,
2,mairead,NA,NA,NA,
2,majda,NA,NA,NA,
2,makaela,NA,NA,NA,
2,makaila,NA,NA,NA,
2,makaya,NA,NA,NA,
2,makayla,NA,NA,NA,
2,makenna,NA,NA,NA,
2,makennah,NA,NA,NA,
2,makenzie,NA,NA,NA,
2,maksim,NA,NA,NA,
2,malaak,NA,NA,NA,
1,malachi,mally,NA,NA,
2,malayna,NA,NA,NA,
1,malcolm,mac,mal,malc,
2,malec,NA,NA,NA,
2,malia,NA,NA,NA,
2,malik,NA,NA,NA,
2,malina,NA,NA,NA,
1,malinda,lindy,NA,NA,
2,mallika,NA,NA,NA,
2,mallory,NA,NA,NA,
1,manda,mandy,NA,NA,
1,mandy,amanda,NA,NA,
1,manerva,minerva,nervie,eve,
1,manny,manuel,NA,NA,
1,manoah,noah,NA,NA,
1,manola,nonnie,NA,NA,
2,manu,NA,NA,NA,
1,manuel,emanuel,manny,NA,
2,mara,NA,NA,NA,
2,maram,NA,NA,NA,
2,marc,NA,NA,NA,
2,marcelo,NA,NA,NA,
2,marco,NA,NA,NA,
2,marcos,NA,NA,NA,
1,marcus,mark,NA,NA,
2,marek,NA,NA,NA,
2,maren,NA,NA,NA,
1,margaret,maggie,meg,peg,
1,margaretta,maggie,meg,peg,
1,margarita,maggie,meg,metta,
1,marge,margery,margaret,margaretta,
1,margie,marjorie,margie,NA,
2,margo,NA,NA,NA,
1,marguerite,peggy,NA,NA,
1,margy,marjorie,NA,NA,
2,mari,NA,NA,NA,
1,mariah,mary,maria,NA,
1,marian,marianna,marion,NA,
2,mariana,NA,NA,NA,
1,marie,mae,NA,NA,
1,marietta,mariah,mercy,polly,
1,marilyn,mary,NA,NA,
2,marin,NA,NA,NA,
2,marina,NA,NA,NA,
1,marion,mary,NA,NA,
2,marisa,NA,NA,NA,
1,marissa,rissa,NA,NA,
1,marjorie,margy,margie,NA,
2,markenna,NA,NA,NA,
2,marko,NA,NA,NA,
2,markus,NA,NA,NA,
2,marlayna,NA,NA,NA,
2,marlee,NA,NA,NA,
2,marley,NA,NA,NA,
2,marlow mae,NA,NA,NA,
2,marney,NA,NA,NA,
1,marsha,marcie,mary,NA,
2,marshall,NA,NA,NA,
1,martha,marty,mattie,mat,
1,martin,marty,NA,NA,
1,martina,tina,NA,NA,
1,martine,tine,NA,NA,
2,martino,NA,NA,NA,
1,marv,marvin,NA,NA,
1,marvin,marv,NA,NA,
1,mary,mamie,molly,mae,
2,mary claire,NA,NA,NA,
2,mary jane,NA,NA,NA,
2,mary kate,NA,NA,NA,
2,marykate,NA,NA,NA,
2,marysa,NA,NA,NA,
2,mason,NA,NA,NA,
1,mat,mattie,NA,NA,
2,mathieu,NA,NA,NA,
1,mathilda,tillie,patty,NA,
2,matias,NA,NA,NA,
1,matilda,tilly,maud,matty,
1,matt,mathew,matthew,NA,
2,matteo,NA,NA,NA,
1,matthew,thys,matt,thias,
1,matthias,thys,matt,thias,
2,mattison,NA,NA,NA,
1,maud,middy,NA,NA,
2,maura,NA,NA,NA,
1,maureen,mary,NA,NA,
1,maurice,morey,NA,NA,
1,mavery,mave,NA,NA,
1,mavine,mave,NA,NA,
2,maxim,NA,NA,NA,
2,maximilian,NA,NA,NA,
2,maximus,NA,NA,NA,
1,maxine,max,NA,NA,
2,maxwell,NA,NA,NA,
1,may,mae,NA,NA,
2,maya,NA,NA,NA,
2,mayumi,NA,NA,NA,
2,mckayla,NA,NA,NA,
2,mckean,NA,NA,NA,
1,mckenna,ken,kenna,meaka,
2,mckenzie,NA,NA,NA,
2,meaghan,NA,NA,NA,
1,medora,dora,NA,NA,
2,meenaks,NA,NA,NA,
2,meenakshi,NA,NA,NA,
2,meer,NA,NA,NA,
1,megan,meg,NA,NA,
2,meghan,NA,NA,NA,
1,mehitabel,hetty,mitty,mabel,
1,melanie,mellie,NA,NA,
1,melchizedek,zadock,dick,NA,
2,melek,NA,NA,NA,
2,melhea,NA,NA,NA,
2,melina,NA,NA,NA,
1,melinda,linda,mel,lynn,
2,melis,NA,NA,NA,
1,melissa,lisa,mel,missy,
2,mellany,NA,NA,NA,
1,mellony,mellia,NA,NA,
1,melody,lodi,NA,NA,
1,melvin,mel,NA,NA,
1,melvina,vina,NA,NA,
1,mercedes,merci,sadie,mercy,
2,mercedez,NA,NA,NA,
2,meredith,NA,NA,NA,
2,merick,NA,NA,NA,
2,merri,NA,NA,NA,
2,merrick,NA,NA,NA,
2,merrit,NA,NA,NA,
2,merritt,NA,NA,NA,
1,merv,mervin,NA,NA,
1,mervyn,merv,NA,NA,
2,messiah,NA,NA,NA,
2,mia,NA,NA,NA,
2,mia treleaven,NA,NA,NA,
2,miabella,NA,NA,NA,
1,micajah,cage,NA,NA,
1,michael,micky,mike,micah,
2,michaela,NA,NA,NA,
1,michelle,mickey,NA,NA,
1,mick,micky,NA,NA,
2,mika,NA,NA,NA,
2,mikaela,NA,NA,NA,
2,mikaya,NA,NA,NA,
2,mikayla,NA,NA,NA,
1,mike,micky,mick,michael,
2,mikey,NA,NA,NA,
2,mikhail,NA,NA,NA,
2,mila,NA,NA,NA,
2,milan,NA,NA,NA,
2,milani,NA,NA,NA,
2,milania,NA,NA,NA,
1,mildred,milly,NA,NA,
2,milena,NA,NA,NA,
2,miles,NA,NA,NA,
2,miley,NA,NA,NA,
1,millicent,missy,milly,NA,
2,milo,NA,NA,NA,
2,min,NA,NA,NA,
2,minay,NA,NA,NA,
1,minerva,minnie,NA,NA,
2,ming na,NA,NA,NA,
1,minnie,wilhelmina,NA,NA,
2,minsoo,NA,NA,NA,
1,miranda,randy,mandy,mira,
1,miriam,mimi,mitzi,mitzie,
2,misha,NA,NA,NA,
1,missy,melissa,NA,NA,
1,mitch,mitchell,NA,NA,
1,mitchell,mitch,NA,NA,
1,mitzi,mary,mittie,mitty,
1,mitzie,mittie,mitty,NA,
2,miya,NA,NA,NA,
2,mj,NA,NA,NA,
2,moataz,NA,NA,NA,
2,moca,NA,NA,NA,
2,mollie,NA,NA,NA,
2,momoe,NA,NA,NA,
1,monet,nettie,NA,NA,
1,monica,monna,monnie,NA,
2,monroe,NA,NA,NA,
1,monteleon,monte,NA,NA,
1,montesque,monty,NA,NA,
1,montgomery,monty,gum,NA,
1,monty,lamont,NA,NA,
2,moran,NA,NA,NA,
2,morgan,NA,NA,NA,
2,morgane,NA,NA,NA,
1,morris,morey,NA,NA,
1,mortimer,mort,NA,NA,
1,moses,amos,mose,moss,
2,moses w,NA,NA,NA,
2,mullins,NA,NA,NA,
1,muriel,mur,NA,NA,
2,mustafa,NA,NA,NA,
2,mya,NA,NA,NA,
2,myah,NA,NA,NA,
2,mykenzie,NA,NA,NA,
2,myla,NA,NA,NA,
2,myles,NA,NA,NA,
2,mylie,NA,NA,NA,
1,myrtle,myrt,myrti,mert,
2,nadia,NA,NA,NA,
1,nadine,nada,deedee,NA,
2,nakai,NA,NA,NA,
2,nakisha,NA,NA,NA,
1,nancy,ann,nan,nanny,
1,naomi,omi,NA,NA,
1,napoleon,nap,nappy,leon,
2,nataelee,NA,NA,NA,
2,natalia,NA,NA,NA,
1,natalie,natty,nettie,NA,
2,natalina,NA,NA,NA,
2,natalya,NA,NA,NA,
1,natasha,tasha,nat,NA,
2,nathalie,NA,NA,NA,
1,nathan,nate,nat,NA,
2,nathanial,NA,NA,NA,
1,nathaniel,than,nathan,nate,
2,neel,NA,NA,NA,
2,neha,NA,NA,NA,
2,neil,NA,NA,NA,
2,neleah,NA,NA,NA,
1,nelle,nelly,NA,NA,
2,nello,NA,NA,NA,
1,nelson,nels,NA,NA,
2,nessie,NA,NA,NA,
2,neva,NA,NA,NA,
1,newt,newton,NA,NA,
2,nia,NA,NA,NA,
2,nic,NA,NA,NA,
2,nicho,NA,NA,NA,
1,nicholas,nick,claes,claas,
1,nick,nik,nicholas,NA,
1,nickie,nicholas,NA,NA,
2,nicky,NA,NA,NA,
1,nicodemus,nick,NA,NA,
2,nicola,NA,NA,NA,
2,nicolas,NA,NA,NA,
1,nicole,nole,nikki,cole,
2,nicolin,NA,NA,NA,
2,nicolina,NA,NA,NA,
2,nigel,NA,NA,NA,
1,nik,nick,NA,NA,
2,niko,NA,NA,NA,
2,nila,NA,NA,NA,
2,nina,NA,NA,NA,
2,nishant,NA,NA,NA,
2,noa,NA,NA,NA,
2,noelle,NA,NA,NA,
2,nolan,NA,NA,NA,
2,noni,NA,NA,NA,
1,nora,nonie,NA,NA,
2,norah,NA,NA,NA,
1,norbert,bert,norby,NA,
2,norbu,NA,NA,NA,
2,norbusamten,NA,NA,NA,
1,nowell,noel,NA,NA,
1,obadiah,dyer,obed,obie,
1,obedience,obed,beda,beedy,
1,obie,obediah,NA,NA,
1,octavia,tave,tavia,NA,
1,odell,odo,NA,NA,
2,oisin,NA,NA,NA,
1,olive,nollie,livia,ollie,
1,oliver,ollie,NA,NA,
1,olivia,nollie,livia,ollie,
1,ollie,oliver,NA,NA,
1,onicyphorous,cyphorus,osaforus,syphorous,
1,orilla,rilly,ora,NA,
2,orion,NA,NA,NA,
2,orla,NA,NA,NA,
1,orlando,roland,NA,NA,
1,orphelia,phelia,NA,NA,
1,ossy,ozzy,NA,NA,
1,oswald,ozzy,waldo,ossy,
1,otis,ode,ote,NA,
2,owen,NA,NA,NA,
1,ozzy,oswald,NA,NA,
2,paceyn,NA,NA,NA,
2,paddy,NA,NA,NA,
2,padraig,NA,NA,NA,
2,page,NA,NA,NA,
2,paiden,NA,NA,NA,
2,paige,NA,NA,NA,
2,paiten,NA,NA,NA,
2,paje,NA,NA,NA,
1,pamela,pam,NA,NA,
1,pandora,dora,NA,NA,
2,paolo,NA,NA,NA,
2,paris,NA,NA,NA,
2,parker,NA,NA,NA,
1,parmelia,amelia,milly,melia,
1,parthenia,teeny,parsuny,pasoonie,
1,pat,patrick,pat,patricia,
1,patience,pat,patty,NA,
1,patricia,tricia,pat,patsy,
1,patrick,pate,peter,pat,
1,patsy,patty,NA,NA,
1,patty,patricia,NA,NA,
1,paul,polly,paula,pauline,
1,paula,polly,lina,NA,
1,paulina,polly,lina,NA,
1,pauline,polly,NA,NA,
2,pavel,NA,NA,NA,
2,payge,NA,NA,NA,
2,payton,NA,NA,NA,
2,pearl,NA,NA,NA,
2,pearson,NA,NA,NA,
1,peg,peggy,NA,NA,
2,peighton,NA,NA,NA,
1,pelegrine,perry,NA,NA,
1,penelope,penny,NA,NA,
2,penn,NA,NA,NA,
2,pepperrell,NA,NA,NA,
1,percival,percy,NA,NA,
1,peregrine,perry,NA,NA,
2,peri,NA,NA,NA,
1,permelia,melly,milly,mellie,
1,pernetta,nettie,NA,NA,
1,persephone,seph,sephy,NA,
1,pete,peter,NA,NA,
1,peter,pete,pate,NA,
2,petro,NA,NA,NA,
1,petronella,nellie,NA,NA,
2,peyton,NA,NA,NA,
1,pheney,josephine,NA,NA,
1,pheriba,pherbia,ferbie,NA,
1,phil,phillip,philip,NA,
1,philadelphia,delphia,NA,NA,
1,philander,fie,NA,NA,
1,philetus,leet,phil,NA,
1,philinda,linda,lynn,lindy,
1,philip,phil,NA,NA,
1,philipina,phoebe,penie,NA,
2,phill,NA,NA,NA,
1,phillip,phil,NA,NA,
1,philly,delphia,NA,NA,
1,philomena,menaalmena,NA,NA,
2,phina,NA,NA,NA,
2,phiona,NA,NA,NA,
1,phoebe,fifi,NA,NA,
2,phong,NA,NA,NA,
1,pinckney,pink,NA,NA,
2,piper,NA,NA,NA,
2,pj,NA,NA,NA,
1,pleasant,ples,NA,NA,
1,pocahontas,pokey,NA,NA,
2,porsha,NA,NA,NA,
2,porter,NA,NA,NA,
1,posthuma,humey,NA,NA,
2,pranav,NA,NA,NA,
1,prescott,scotty,scott,pres,
2,preston,NA,NA,NA,
1,priscilla,prissy,cissy,cilla,
1,providence,provy,NA,NA,
1,prudence,prue,prudy,NA,
1,prudy,prudence,NA,NA,
2,quinn,NA,NA,NA,
2,quinten,NA,NA,NA,
2,quintin,NA,NA,NA,
2,quinton,NA,NA,NA,
2,rachael,NA,NA,NA,
1,rachel,shelly,NA,NA,
2,raeci,NA,NA,NA,
2,raegan,NA,NA,NA,
2,raelyn,NA,NA,NA,
2,raena,NA,NA,NA,
1,rafaela,rafa,NA,NA,
2,rainbow,NA,NA,NA,
2,raleigh,NA,NA,NA,
2,ramey,NA,NA,NA,
2,rami,NA,NA,NA,
2,ramiel,NA,NA,NA,
2,ramon,NA,NA,NA,
1,ramona,mona,NA,NA,
2,ramy,NA,NA,NA,
1,randolph,dolph,randy,NA,
1,raphael,ralph,NA,NA,
2,raquelle,NA,NA,NA,
2,raven,NA,NA,NA,
1,ray,raymond,NA,NA,
1,raymond,ray,NA,NA,
2,reagan,NA,NA,NA,
2,reaghan,NA,NA,NA,
2,reatha,NA,NA,NA,
1,reba,beck,becca,NA,
1,rebecca,beck,becca,reba,
2,rebecka,NA,NA,NA,
2,reed,NA,NA,NA,
2,reegan,NA,NA,NA,
2,reema,NA,NA,NA,
2,reese,NA,NA,NA,
2,reesie,NA,NA,NA,
1,reg,reggie,NA,NA,
2,regan,NA,NA,NA,
1,reggie,reginald,NA,NA,
1,regina,reggie,gina,NA,
1,reginald,reggie,naldo,reg,
2,reid,NA,NA,NA,
2,reilly,NA,NA,NA,
2,reily,NA,NA,NA,
2,reina,NA,NA,NA,
2,rekha,NA,NA,NA,
1,relief,leafa,NA,NA,
2,renata,NA,NA,NA,
2,rene,NA,NA,NA,
2,renee,NA,NA,NA,
2,rennee,NA,NA,NA,
1,reuben,rube,NA,NA,
2,reyna,NA,NA,NA,
1,reynold,reginald,NA,NA,
2,rhett,NA,NA,NA,
2,rhiannon,NA,NA,NA,
1,rhoda,rodie,NA,NA,
1,rhodella,della,NA,NA,
1,rhyna,rhynie,NA,NA,
2,rhys,NA,NA,NA,
2,rhys ,NA,NA,NA,
2,rianne,NA,NA,NA,
1,ricardo,rick,ricky,NA,
1,rich,dick,rick,riche,
1,richard,dick,dickon,dickie,
2,richi,NA,NA,NA,
1,richie,richard,NA,NA,
2,richy,NA,NA,NA,
1,rick,ricky,NA,NA,
1,ricky,dick,rich,NA,
2,riley,NA,NA,NA,
2,ritaj,NA,NA,NA,
2,ritter,NA,NA,NA,
2,rj,NA,NA,NA,
2,roan,NA,NA,NA,
1,robert,hob,hobkin,dob,
1,roberta,robbie,bert,bobbie,
2,roberto,NA,NA,NA,
2,robin,NA,NA,NA,
2,rocco,NA,NA,NA,
1,roderick,rod,erick,rickie,
1,rodger,roge,bobby,hodge,
1,roger,roge,bobby,hodge,
1,roland,rollo,lanny,orlando,
2,roman,NA,NA,NA,
1,ron,ronald,ronnie,ronny,
1,ronald,naldo,ron,ronny,
2,ronan,NA,NA,NA,
2,ronel,NA,NA,NA,
2,ronen,NA,NA,NA,
2,roni,NA,NA,NA,
1,ronnie,ronald,NA,NA,
1,ronny,ronald,NA,NA,
2,rorie,NA,NA,NA,
2,rory,NA,NA,NA,
1,rosa,rose,NA,NA,
1,rosabel,belle,roz,rosa,
1,rosabella,belle,roz,rosa,
2,rosalie,NA,NA,NA,
1,rosalinda,linda,roz,rosa,
1,rosalyn,linda,roz,rosa,
1,roscoe,ross,NA,NA,
1,rose,rosie,NA,NA,
1,roseann,rose,ann,rosie,
1,roseanna,rose,ann,rosie,
1,roseanne,ann,NA,NA,
2,rosi,NA,NA,NA,
1,rosina,sina,NA,NA,
2,roslyn,NA,NA,NA,
2,rowan,NA,NA,NA,
1,roxane,rox,roxie,NA,
1,roxanna,roxie,rose,ann,
1,roxanne,roxie,rose,ann,
1,roz,rosalyn,NA,NA,
2,rp,NA,NA,NA,
1,rube,reuben,NA,NA,
2,ruby,NA,NA,NA,
1,rudolph,dolph,rudy,olph,
1,rudolphus,dolph,rudy,olph,
1,rudy,rudolph,NA,NA,
1,russ,russell,NA,NA,
1,russell,russ,rusty,NA,
1,rusty,russell,NA,NA,
2,rya,NA,NA,NA,
1,ryan,ry,NA,NA,
2,ryann,NA,NA,NA,
2,rydell,NA,NA,NA,
2,ryland,NA,NA,NA,
2,rylee,NA,NA,NA,
2,ryley,NA,NA,NA,
2,rylie,NA,NA,NA,
2,ryne,NA,NA,NA,
2,saara,NA,NA,NA,
1,sabrina,brina,NA,NA,
2,sage,NA,NA,NA,
2,saige,NA,NA,NA,
2,saiya'kaede,NA,NA,NA,
2,salim,NA,NA,NA,
1,salome,loomie,NA,NA,
1,salvador,sal,NA,NA,
1,sam,sammy,samuel,NA,
1,samantha,sammy,sam,mantha,
2,sameer,NA,NA,NA,
2,sami,NA,NA,NA,
2,sammi,NA,NA,NA,
2,sammie,NA,NA,NA,
1,sammy,samuel,NA,NA,
1,sampson,sam,NA,NA,
1,samson,sam,NA,NA,
1,samuel,sammy,sam,NA,
1,samyra,myra,NA,NA,
1,sandra,sandy,cassandra,NA,
1,sandy,sandra,NA,NA,
1,sanford,sandy,NA,NA,
2,santiago,NA,NA,NA,
2,sara,NA,NA,NA,
1,sarah,sally,sadie,NA,
2,sari,NA,NA,NA,
1,sarilla,silla,NA,NA,
2,sasha,NA,NA,NA,
2,savanah,NA,NA,NA,
2,savanna,NA,NA,NA,
1,savannah,vannie,anna,NA,
2,savvy,NA,NA,NA,
2,sawyer,NA,NA,NA,
2,saya,NA,NA,NA,
2,scarlet,NA,NA,NA,
2,scarlett,NA,NA,NA,
1,scott,scotty,sceeter,squat,
2,seamus,NA,NA,NA,
2,sean,NA,NA,NA,
1,sebastian,sebby,seb,NA,
2,sebastiao,NA,NA,NA,
2,seif,NA,NA,NA,
2,selah,NA,NA,NA,
2,selena,NA,NA,NA,
1,selma,anselm,NA,NA,
2,seojun,NA,NA,NA,
2,serafina,NA,NA,NA,
1,serena,rena,NA,NA,
1,serilla,rilla,NA,NA,
2,seth,NA,NA,NA,
1,seymour,see,morey,NA,
2,shae,NA,NA,NA,
2,shaila,NA,NA,NA,
1,shaina,sha,shay,NA,
2,shane,NA,NA,NA,
2,shannen,NA,NA,NA,
2,shannon,NA,NA,NA,
1,sharon,sha,shay,NA,
2,shauna,NA,NA,NA,
2,shawn,NA,NA,NA,
2,shayan,NA,NA,NA,
2,shaye,NA,NA,NA,
2,shaylyn,NA,NA,NA,
2,shayna,NA,NA,NA,
2,shea,NA,NA,NA,
2,sheeanne,NA,NA,NA,
1,sheila,cecilia,NA,NA,
2,shelby,NA,NA,NA,
1,sheldon,shelly,NA,NA,
1,shelton,tony,shel,shelly,
1,sheridan,dan,danny,sher,
1,sheryl,sher,NA,NA,
2,shiela,NA,NA,NA,
2,shifa,NA,NA,NA,
2,shilo,NA,NA,NA,
2,shiloh,NA,NA,NA,
1,shirley,sherry,lee,shirl,
2,shlok,NA,NA,NA,
2,shoonfon,NA,NA,NA,
2,shoonhsin,NA,NA,NA,
2,shruj,NA,NA,NA,
2,shrujay,NA,NA,NA,
2,shushu,NA,NA,NA,
2,shyam,NA,NA,NA,
2,sia,NA,NA,NA,
1,sibbilla,sybill,sibbie,sibbell,
2,sibby,NA,NA,NA,
1,sidney,syd,sid,NA,
2,sidra,NA,NA,NA,
2,siena,NA,NA,NA,
2,sienna,NA,NA,NA,
2,sierra,NA,NA,NA,
1,sigfired,sid,NA,NA,
1,sigfrid,sid,NA,NA,
1,sigismund,sig,NA,NA,
1,silas,si,NA,NA,
1,silence,liley,NA,NA,
1,silvester,vester,si,sly,
2,silvia,NA,NA,NA,
1,simeon,si,sion,NA,
1,simon,si,sion,NA,
2,simone,NA,NA,NA,
2,sinead,NA,NA,NA,
2,sir,NA,NA,NA,
2,siraj,NA,NA,NA,
2,sirmanuel,NA,NA,NA,
2,siya,NA,NA,NA,
2,skye,NA,NA,NA,
2,skylar,NA,NA,NA,
2,skyler,NA,NA,NA,
1,sly,sylvester,NA,NA,
1,smith,smitty,NA,NA,
1,socrates,crate,NA,NA,
2,sofia,NA,NA,NA,
2,sofie,NA,NA,NA,
2,soha,NA,NA,NA,
2,sohail,NA,NA,NA,
1,solomon,sal,salmon,sol,
2,son,NA,NA,NA,
1,sondra,dre,sonnie,NA,
2,soph,NA,NA,NA,
1,sophia,sophie,NA,NA,
1,sophronia,frona,sophia,fronia,
2,sora,NA,NA,NA,
2,sotiria,NA,NA,NA,
2,spencer,NA,NA,NA,
2,starr,NA,NA,NA,
2,stefano,NA,NA,NA,
2,stell,NA,NA,NA,
1,stephan,steve,NA,NA,
2,stephane,NA,NA,NA,
1,stephanie,stephen,stephie,annie,
1,stephen,steve,steph,NA,
1,steve,stephen,steven,stevie,
1,steven,steve,steph,stevie,
2,strati,NA,NA,NA,
1,stuart,stu,NA,NA,
1,sue,susie,susan,NA,
2,sukhmani,NA,NA,NA,
1,sullivan,sully,van,NA,
1,sully,sullivan,NA,NA,
2,summer,NA,NA,NA,
2,suri,NA,NA,NA,
2,suriya,NA,NA,NA,
2,suriyathai,NA,NA,NA,
2,surya,NA,NA,NA,
1,susan,hannah,susie,sue,
1,susannah,hannah,susie,sue,
2,susi,NA,NA,NA,
1,susie,suzie,NA,NA,
1,suzanne,suki,sue,susie,
2,syan,NA,NA,NA,
1,sybill,sibbie,NA,NA,
1,sydney,sid,NA,NA,
2,sydney l,NA,NA,NA,
1,sylvanus,sly,syl,NA,
1,sylvester,sy,sly,vet,
2,syrah,NA,NA,NA,
2,szofia,NA,NA,NA,
1,tabby,tabitha,NA,NA,
1,tabitha,tabby,NA,NA,
2,taegan,NA,NA,NA,
2,taiyo,NA,NA,NA,
2,talia,NA,NA,NA,
2,talyn,NA,NA,NA,
1,tamarra,tammy,NA,NA,
2,tamsin,NA,NA,NA,
1,tanafra,tanny,NA,NA,
2,tanner,NA,NA,NA,
2,tara,NA,NA,NA,
2,taras,NA,NA,NA,
2,tarin,NA,NA,NA,
2,taryn,NA,NA,NA,
1,tasha,tash,tashie,NA,
2,tate,NA,NA,NA,
2,tatiana,NA,NA,NA,
2,taylan,NA,NA,NA,
2,taylar,NA,NA,NA,
2,taylor,NA,NA,NA,
2,teagan,NA,NA,NA,
2,teagen,NA,NA,NA,
1,ted,teddy,NA,NA,
1,temperance,tempy,NA,NA,
2,teodora,NA,NA,NA,
2,tera,NA,NA,NA,
1,terence,terry,NA,NA,
1,teresa,terry,NA,NA,
2,terran,NA,NA,NA,
2,terrance,NA,NA,NA,
1,terry,terence,NA,NA,
1,tess,teresa,theresa,NA,
1,tessa,teresa,theresa,NA,
1,thad,thaddeus,NA,NA,
1,thaddeus,thad,NA,NA,
2,thai,NA,NA,NA,
2,thalia,NA,NA,NA,
2,thang,NA,NA,NA,
2,thearyn,NA,NA,NA,
1,theo,theodore,NA,NA,
1,theodora,dora,NA,NA,
1,theodore,theo,ted,teddy,
1,theodosia,theo,dosia,theodosius,
1,theophilus,ophi,NA,NA,
1,theotha,otha,NA,NA,
1,theresa,tessie,thirza,tessa,
1,thom,thomas,tommy,tom,
1,thomas,thom,tommy,tom,
1,thomasa,tamzine,NA,NA,
2,tia,NA,NA,NA,
2,tiago,NA,NA,NA,
2,tiernee,NA,NA,NA,
1,tiffany,tiff,tiffy,NA,
1,tilford,tillie,NA,NA,
1,tim,timothy,timmy,NA,
1,timmy,timothy,NA,NA,
1,timothy,tim,timmy,NA,
2,timur,NA,NA,NA,
1,tina,christina,NA,NA,
2,tj,NA,NA,NA,
1,tobias,bias,toby,NA,
2,tobin,NA,NA,NA,
1,tom,thomas,tommy,NA,
2,tomasz,NA,NA,NA,
1,tommy,thomas,NA,NA,
2,toni,NA,NA,NA,
2,tonia,NA,NA,NA,
1,tony,anthony,NA,NA,
2,tori,NA,NA,NA,
2,toriana,NA,NA,NA,
2,torrin,NA,NA,NA,
2,tory,NA,NA,NA,
1,tranquilla,trannie,quilla,NA,
2,travis,NA,NA,NA,
2,trent,NA,NA,NA,
2,trenton,NA,NA,NA,
2,trevor,NA,NA,NA,
2,trey,NA,NA,NA,
2,treygan,NA,NA,NA,
2,treyse,NA,NA,NA,
2,trin,NA,NA,NA,
2,trinity,NA,NA,NA,
1,trisha,patricia,NA,NA,
2,tristam,NA,NA,NA,
2,tristan,NA,NA,NA,
2,tristen,NA,NA,NA,
2,tritan,NA,NA,NA,
1,trix,trixie,NA,NA,
2,troy,NA,NA,NA,
1,trudy,gertrude,NA,NA,
1,tryphena,phena,NA,NA,
2,tucker,NA,NA,NA,
2,tutu,NA,NA,NA,
2,ty,NA,NA,NA,
2,tyce,NA,NA,NA,
2,tyler,NA,NA,NA,
2,tyquann,NA,NA,NA,
2,tyrnan,NA,NA,NA,
2,tyyetta,NA,NA,NA,
2,una,NA,NA,NA,
1,unice,eunice,nicie,NA,
1,uriah,riah,NA,NA,
2,uriahe,NA,NA,NA,
1,ursula,sulie,sula,NA,
2,usaan,NA,NA,NA,
2,valencia,NA,NA,NA,
1,valentina,felty,vallie,val,
1,valentine,felty,NA,NA,
1,valeri,val,NA,NA,
1,valerie,val,NA,NA,
1,vanburen,buren,NA,NA,
1,vandalia,vannie,NA,NA,
1,vanessa,essa,vanna,nessa,
2,varvara,NA,NA,NA,
2,vaughn,NA,NA,NA,
2,ved,NA,NA,NA,
1,vernisee,nicey,NA,NA,
1,veronica,vonnie,ron,ronna,
2,veronika,NA,NA,NA,
2,vianka,NA,NA,NA,
1,vic,vicki,victor,vicky,
1,vicki,vicky,victoria,NA,
1,vickie,victoria,NA,NA,
1,vicky,victoria,NA,NA,
1,victor,vic,NA,NA,
1,victoria,torie,vic,vicki,
2,vidya,NA,NA,NA,
1,vin,vinny,NA,NA,
2,vinay,NA,NA,NA,
1,vince,vinnie,NA,NA,
1,vincent,vic,vince,vinnie,
1,vincenzo,vic,vinnie,vin,
1,vinson,vinny,NA,NA,
1,viola,ola,vi,NA,
2,violet,NA,NA,NA,
1,violetta,lettie,NA,NA,
1,virginia,jane,jennie,ginny,
1,vivian,vi,viv,NA,
2,vivien,NA,NA,NA,
2,vrithika,NA,NA,NA,
1,waldo,ozzy,ossy,NA,
1,wallace,wally,NA,NA,
1,wally,walt,NA,NA,
1,walter,wally,walt,NA,
1,washington,wash,NA,NA,
1,webster,webb,NA,NA,
1,wendy,wen,NA,NA,
1,wesley,wes,NA,NA,
2,weston,NA,NA,NA,
2,wil,NA,NA,NA,
1,wilber,will,bert,NA,
1,wilbur,willy,willie,NA,
1,wilda,willie,NA,NA,
1,wilfred,will,willie,fred,
1,wilhelmina,mina,wilma,willie,
1,will,bill,willie,wilbur,
2,willa,NA,NA,NA,
2,willen,NA,NA,NA,
1,william,willy,bell,bela,
2,williams,NA,NA,NA,
1,willie,william,fred,NA,
1,willis,willy,bill,NA,
2,willow,NA,NA,NA,
1,wilma,william,billiewilhelm,NA,
1,wilson,will,willy,willie,
1,winfield,field,winny,win,
1,winifred,freddie,winnie,winnet,
1,winnie,winnifred,NA,NA,
1,winnifred,freddie,freddy,winny,
1,winny,winnifred,NA,NA,
2,winston,NA,NA,NA,
1,winton,wint,NA,NA,
1,woodrow,woody,wood,drew,
2,wyatt,NA,NA,NA,
2,xander,NA,NA,NA,
2,xandria,NA,NA,NA,
2,xavier,NA,NA,NA,
2,xazavier,NA,NA,NA,
2,xiao,NA,NA,NA,
2,xinfan,NA,NA,NA,
2,yana,NA,NA,NA,
2,yasmin,NA,NA,NA,
2,yassin,NA,NA,NA,
2,yassine,NA,NA,NA,
1,yeona,onie,ona,NA,
2,yih hui,NA,NA,NA,
2,yih xinn,NA,NA,NA,
2,youssef,NA,NA,NA,
1,yulan,lan,yul,NA,
2,yuriy,NA,NA,NA,
1,yvonne,vonna,NA,NA,
2,zac,NA,NA,NA,
1,zach,zachariah,NA,NA,
1,zachariah,zachy,zach,zeke,
2,zachary,NA,NA,NA,
2,zack,NA,NA,NA,
2,zackary,NA,NA,NA,
2,zamarah,NA,NA,NA,
2,zamirah,NA,NA,NA,
2,zane,NA,NA,NA,
2,zayne,NA,NA,NA,
1,zebedee,zeb,NA,NA,
1,zedediah,dyer,zed,diah,
1,zephaniah,zeph,NA,NA,
2,zoe,NA,NA,NA,
2,zoey,NA,NA,NA,
2,zola,NA,NA,NA,
2,zoya,NA,NA,NA,
